dataset_size,epoch,train_loss,train_rmse,val_loss,val_rmse
80,1,1.0261,1.0129,0.85087,0.92242
80,2,1.0215,1.0102,0.85053,0.92224
80,3,1.0146,1.0069,0.84997,0.92194
80,4,1.0045,1.0016,0.84896,0.92139
80,5,0.98942,0.9944,0.84703,0.92034
80,6,0.9648,0.9817,0.84354,0.91845
80,7,0.91924,0.95856,0.83575,0.9142
80,8,0.85752,0.92602,0.82295,0.90716
80,9,0.82003,0.90551,0.81573,0.90318
80,10,0.8004,0.8946,0.79547,0.89189
80,11,0.7782,0.88212,0.78954,0.88856
80,12,0.76828,0.8765,0.75689,0.87
80,13,0.74241,0.86158,0.74148,0.86109
80,14,0.73196,0.85543,0.73298,0.85614
80,15,0.71975,0.84832,0.72829,0.8534
80,16,0.70903,0.84198,0.72557,0.8518
80,17,0.70534,0.83983,0.71944,0.8482
80,18,0.69792,0.83535,0.71228,0.84397
80,19,0.69117,0.83133,0.7053,0.83982
80,20,0.68736,0.82895,0.69886,0.83598
80,21,0.67658,0.82252,0.68945,0.83033
80,22,0.67094,0.81908,0.6744,0.82122
80,23,0.64991,0.80607,0.64712,0.80444
80,24,0.62303,0.78927,0.60911,0.78045
80,25,0.58902,0.76745,0.54217,0.73632
80,26,0.53365,0.73024,0.46365,0.68092
80,27,0.49344,0.702,0.43054,0.65616
80,28,0.4514,0.67166,0.39152,0.62572
80,29,0.40058,0.63219,0.40226,0.63424
80,30,0.32925,0.57218,0.46865,0.68458
80,31,0.25828,0.5074,0.44574,0.66764
80,32,0.2274,0.47654,0.20213,0.44959
80,33,0.20826,0.45576,0.15187,0.3897
80,34,0.19968,0.44541,0.10236,0.31994
80,35,0.17997,0.42345,0.10905,0.33023
80,36,0.17096,0.41281,0.079127,0.2813
80,37,0.16841,0.40979,0.10773,0.32823
80,38,0.16314,0.40359,0.071185,0.2668
80,39,0.1486,0.385,0.087738,0.29621
80,40,0.1447,0.37978,0.062858,0.25072
80,41,0.14374,0.37822,0.06357,0.25213
80,42,0.14274,0.37456,0.057381,0.23954
80,43,0.13486,0.36639,0.055448,0.23547
80,44,0.13259,0.36394,0.058715,0.24231
80,45,0.129,0.35842,0.056376,0.23744
80,46,0.1261,0.35443,0.054209,0.23283
80,47,0.12382,0.35078,0.064269,0.25351
80,48,0.11145,0.33356,0.049121,0.22163
80,49,0.11343,0.33632,0.050293,0.22426
80,50,0.10926,0.33036,0.044256,0.21037
80,51,0.10721,0.3271,0.057317,0.23941
80,52,0.11205,0.33447,0.039477,0.19869
80,53,0.10433,0.32276,0.045235,0.21269
80,54,0.11716,0.33759,0.038161,0.19535
80,55,0.10036,0.31676,0.038979,0.19743
80,56,0.093345,0.30532,0.040197,0.20049
80,57,0.088959,0.2978,0.036621,0.19137
80,58,0.11239,0.32797,0.035172,0.18754
80,59,0.095366,0.30809,0.045727,0.21384
80,60,0.095877,0.30932,0.035334,0.18797
110,1,1.0057,1.0026,0.9764,0.98813
110,2,1.0016,1.0003,0.9744,0.98712
110,3,0.99202,0.99568,0.96953,0.98465
110,4,0.96641,0.9828,0.95448,0.97697
110,5,0.90512,0.9509,0.90043,0.94891
110,6,0.7926,0.88975,0.77008,0.87754
110,7,0.74032,0.86014,0.73722,0.85862
110,8,0.72166,0.84938,0.73199,0.85557
110,9,0.70551,0.83986,0.68563,0.82803
110,10,0.69039,0.83089,0.66791,0.81726
110,11,0.65463,0.80902,0.62762,0.79223
110,12,0.59181,0.76907,0.50857,0.71314
110,13,0.46919,0.68357,0.37762,0.61451
110,14,0.35914,0.59833,0.30379,0.55117
110,15,0.31342,0.55808,0.32682,0.57168
110,16,0.25077,0.49988,0.21788,0.46678
110,17,0.21031,0.45829,0.17625,0.41983
110,18,0.1945,0.44009,0.17108,0.41362
110,19,0.18293,0.42704,0.13844,0.37208
110,20,0.17451,0.4152,0.14618,0.38234
110,21,0.16251,0.40267,0.12324,0.35106
110,22,0.15307,0.39073,0.10938,0.33073
110,23,0.14003,0.37381,0.10806,0.32873
110,24,0.13875,0.37168,0.12381,0.35187
110,25,0.1387,0.37002,0.098654,0.31409
110,26,0.13585,0.36652,0.10478,0.3237
110,27,0.13074,0.35842,0.095137,0.30844
110,28,0.11911,0.34463,0.10987,0.33147
110,29,0.15164,0.38695,0.093054,0.30505
110,30,0.13102,0.3603,0.084001,0.28983
110,31,0.11256,0.33407,0.09859,0.31399
110,32,0.12916,0.35884,0.083025,0.28814
110,33,0.10552,0.32439,0.077734,0.27881
110,34,0.10952,0.33006,0.078265,0.27976
110,35,0.10807,0.32697,0.075339,0.27448
110,36,0.09682,0.31074,0.073054,0.27029
110,37,0.09979,0.31387,0.071937,0.26821
110,38,0.10826,0.32542,0.076879,0.27727
110,39,0.11321,0.33359,0.077528,0.27844
110,40,0.10585,0.32239,0.090486,0.30081
110,41,0.10161,0.31791,0.070345,0.26523
110,42,0.10417,0.32209,0.079511,0.28198
110,43,0.099774,0.31477,0.079217,0.28146
110,44,0.095021,0.30416,0.068175,0.2611
110,45,0.10052,0.31613,0.085163,0.29183
110,46,0.10023,0.31498,0.076028,0.27573
110,47,0.091898,0.30179,0.069463,0.26356
110,48,0.094945,0.30637,0.067564,0.25993
110,49,0.092383,0.30035,0.074517,0.27298
110,50,0.10439,0.32024,0.12091,0.34772
110,51,0.10306,0.31827,0.10511,0.3242
110,52,0.10151,0.31519,0.066257,0.2574
110,53,0.089555,0.2985,0.06246,0.24992
110,54,0.092419,0.3023,0.074017,0.27206
110,55,0.093669,0.30487,0.063486,0.25196
110,56,0.084507,0.28661,0.064175,0.25333
110,57,0.084753,0.28947,0.062859,0.25072
110,58,0.08605,0.29055,0.062695,0.25039
110,59,0.080541,0.28276,0.074658,0.27324
110,60,0.086899,0.29328,0.064544,0.25405
140,1,0.99791,0.99879,0.89829,0.94778
140,2,0.98931,0.99427,0.89633,0.94675
140,3,0.96852,0.98353,0.88876,0.94274
140,4,0.91713,0.95753,0.8662,0.9307
140,5,0.86086,0.92773,0.83182,0.91204
140,6,0.80302,0.89596,0.7823,0.88448
140,7,0.74035,0.86026,0.72753,0.85296
140,8,0.71288,0.84428,0.7089,0.84196
140,9,0.70327,0.83847,0.69263,0.83224
140,10,0.6945,0.8332,0.68802,0.82947
140,11,0.68444,0.82724,0.68152,0.82554
140,12,0.67733,0.82298,0.67318,0.82048
140,13,0.66933,0.8181,0.65875,0.81163
140,14,0.65209,0.80749,0.62501,0.79058
140,15,0.61635,0.78491,0.54208,0.73626
140,16,0.53389,0.73038,0.39175,0.6259
140,17,0.46045,0.67742,0.33028,0.5747
140,18,0.38728,0.62164,0.37357,0.6112
140,19,0.3132,0.55899,0.22558,0.47495
140,20,0.25454,0.50372,0.18808,0.43368
140,21,0.21883,0.46635,0.25084,0.50084
140,22,0.19243,0.43807,0.17188,0.41458
140,23,0.19564,0.44123,0.10501,0.32406
140,24,0.17196,0.41376,0.092481,0.30411
140,25,0.16207,0.40101,0.098697,0.31416
140,26,0.14484,0.38027,0.083293,0.2886
140,27,0.15514,0.39188,0.071478,0.26735
140,28,0.13576,0.368,0.073416,0.27095
140,29,0.13736,0.3677,0.077475,0.27834
140,30,0.13535,0.36547,0.087403,0.29564
140,31,0.11588,0.33954,0.06266,0.25032
140,32,0.11581,0.33916,0.057879,0.24058
140,33,0.1178,0.34158,0.059447,0.24382
140,34,0.1139,0.3359,0.055183,0.23491
140,35,0.12193,0.34837,0.11319,0.33644
140,36,0.12721,0.35569,0.054196,0.2328
140,37,0.10144,0.31754,0.051435,0.22679
140,38,0.099513,0.31505,0.051242,0.22637
140,39,0.10372,0.32046,0.062768,0.25054
140,40,0.1055,0.32379,0.091898,0.30315
140,41,0.11752,0.3414,0.066347,0.25758
140,42,0.095688,0.30835,0.057206,0.23918
140,43,0.097505,0.31118,0.060429,0.24582
140,44,0.10204,0.31894,0.057605,0.24001
140,45,0.093313,0.30481,0.050794,0.22538
140,46,0.09855,0.31211,0.05055,0.22483
140,47,0.09706,0.30935,0.049365,0.22218
140,48,0.092633,0.30373,0.053933,0.23223
140,49,0.094353,0.3062,0.048413,0.22003
140,50,0.089459,0.29824,0.049868,0.22331
140,51,0.092553,0.30201,0.053447,0.23119
140,52,0.087175,0.29501,0.044069,0.20993
140,53,0.090102,0.2987,0.052645,0.22944
140,54,0.091311,0.30129,0.075822,0.27536
140,55,0.096535,0.30958,0.047943,0.21896
140,56,0.089934,0.29914,0.044932,0.21197
140,57,0.089646,0.29851,0.047263,0.2174
140,58,0.082957,0.28772,0.045486,0.21328
140,59,0.084885,0.28959,0.057097,0.23895
140,60,0.089284,0.29675,0.05852,0.24191
200,1,1.0079,1.0036,0.94174,0.97026
200,2,0.9867,0.99287,0.92789,0.96309
200,3,0.91396,0.95555,0.87113,0.9332
200,4,0.82478,0.9076,0.82832,0.91007
200,5,0.7693,0.87688,0.75342,0.868
200,6,0.72684,0.85242,0.717,0.84675
200,7,0.70291,0.83836,0.69733,0.83506
200,8,0.69007,0.83065,0.67629,0.82237
200,9,0.66201,0.81354,0.62966,0.79351
200,10,0.59761,0.77276,0.51867,0.71995
200,11,0.47581,0.68927,0.41389,0.64317
200,12,0.37343,0.60989,0.27317,0.52247
200,13,0.26898,0.51692,0.21376,0.4623
200,14,0.20022,0.44719,0.19474,0.44116
200,15,0.16941,0.40909,0.18504,0.43009
200,16,0.16476,0.40424,0.13625,0.36778
200,17,0.1536,0.38987,0.12207,0.34929
200,18,0.13942,0.37166,0.14722,0.38365
200,19,0.13924,0.37118,0.11904,0.34499
200,20,0.14166,0.37502,0.18269,0.42737
200,21,0.13011,0.35983,0.089369,0.29801
200,22,0.13177,0.3599,0.088327,0.29687
200,23,0.11955,0.34452,0.09594,0.30947
200,24,0.10456,0.32275,0.080547,0.283
200,25,0.11122,0.33143,0.087233,0.2944
200,26,0.10521,0.32401,0.085796,0.29239
200,27,0.11056,0.33151,0.076187,0.27567
200,28,0.11822,0.33958,0.091094,0.30164
200,29,0.11698,0.34139,0.099991,0.31612
200,30,0.1207,0.34402,0.078566,0.27971
200,31,0.10418,0.32173,0.073705,0.27116
200,32,0.092717,0.30406,0.069256,0.26273
200,33,0.094958,0.30719,0.077304,0.27652
200,34,0.09394,0.30557,0.072721,0.26899
200,35,0.094543,0.30536,0.088808,0.29769
200,36,0.09803,0.31202,0.064493,0.25354
200,37,0.084948,0.29094,0.065721,0.25601
200,38,0.090872,0.30082,0.073631,0.27104
200,39,0.096506,0.30699,0.075694,0.27464
200,40,0.090493,0.29816,0.064742,0.25412
200,41,0.089103,0.29763,0.078847,0.27893
200,42,0.083364,0.28723,0.083675,0.28904
200,43,0.091163,0.30059,0.078215,0.27904
200,44,0.083254,0.2879,0.066303,0.25663
200,45,0.080804,0.28265,0.074956,0.2734
200,46,0.092779,0.30169,0.075511,0.27367
200,47,0.07711,0.27673,0.063995,0.25266
200,48,0.077889,0.27687,0.067232,0.25901
200,49,0.075717,0.27449,0.056338,0.23681
200,50,0.079103,0.28028,0.055726,0.23572
200,51,0.074594,0.27225,0.063865,0.25228
200,52,0.074372,0.2716,0.055283,0.23476
200,53,0.078529,0.27878,0.055736,0.23566
200,54,0.069581,0.26337,0.055226,0.23463
200,55,0.073585,0.27066,0.063552,0.2518
200,56,0.066546,0.25759,0.051061,0.22561
200,57,0.072341,0.26767,0.051055,0.22549
200,58,0.06895,0.26141,0.054122,0.23226
200,59,0.073475,0.26965,0.068847,0.26085
200,60,0.073292,0.26834,0.051886,0.22626
300,1,1.0031,1.0013,0.97075,0.98496
300,2,0.95548,0.97701,0.92077,0.9593
300,3,0.77455,0.87939,0.73757,0.85879
300,4,0.69443,0.83324,0.65248,0.80776
300,5,0.58607,0.7642,0.49312,0.70213
300,6,0.35868,0.59726,0.29423,0.54099
300,7,0.23896,0.48677,0.19263,0.43711
300,8,0.1843,0.42818,0.1697,0.41035
300,9,0.17041,0.41214,0.15106,0.38732
300,10,0.16206,0.40082,0.1685,0.40962
300,11,0.15049,0.38614,0.12244,0.34834
300,12,0.13608,0.36798,0.13374,0.36445
300,13,0.12956,0.35806,0.11303,0.33442
300,14,0.11536,0.33813,0.15193,0.38752
300,15,0.11772,0.34068,0.09231,0.30198
300,16,0.10392,0.32086,0.088454,0.29586
300,17,0.098727,0.31382,0.081244,0.28354
300,18,0.10379,0.32029,0.086717,0.29306
300,19,0.12205,0.34798,0.10529,0.32268
300,20,0.1128,0.33348,0.083662,0.28787
300,21,0.095092,0.30738,0.082782,0.28653
300,22,0.095793,0.30776,0.1008,0.31569
300,23,0.11108,0.33172,0.12075,0.34631
300,24,0.099788,0.31431,0.10074,0.31581
300,25,0.10306,0.31768,0.092009,0.30245
300,26,0.096326,0.30884,0.084601,0.28944
300,27,0.093686,0.30425,0.10005,0.31489
300,28,0.091743,0.30132,0.067424,0.25844
300,29,0.082364,0.28594,0.067548,0.25879
300,30,0.099138,0.31172,0.077347,0.27694
300,31,0.10145,0.3166,0.092825,0.30361
300,32,0.096948,0.30916,0.063685,0.25104
300,33,0.078429,0.27841,0.098308,0.31228
300,34,0.092775,0.30013,0.081252,0.28347
300,35,0.093948,0.30219,0.067564,0.25915
300,36,0.078043,0.27832,0.067185,0.2575
300,37,0.078835,0.27923,0.072872,0.26856
300,38,0.094587,0.30368,0.064499,0.25298
300,39,0.088304,0.29417,0.057506,0.23861
300,40,0.069716,0.26274,0.054487,0.23204
300,41,0.06357,0.25103,0.058033,0.23913
300,42,0.068134,0.25902,0.04924,0.22065
300,43,0.062325,0.24798,0.058939,0.24145
300,44,0.074691,0.27148,0.096956,0.30867
300,45,0.080742,0.27865,0.055574,0.23484
300,46,0.058138,0.2399,0.046442,0.21462
300,47,0.05524,0.23419,0.043355,0.20699
300,48,0.062243,0.24704,0.052215,0.22777
300,49,0.068242,0.25702,0.050043,0.22258
300,50,0.058023,0.23803,0.042076,0.20404
300,51,0.056023,0.23549,0.0389,0.19629
300,52,0.065297,0.25064,0.054448,0.23136
300,53,0.064137,0.2479,0.079584,0.28011
300,54,0.055458,0.23379,0.049855,0.22232
300,55,0.060965,0.24415,0.047318,0.21601
300,56,0.062418,0.24724,0.055373,0.23452
300,57,0.06882,0.25735,0.040829,0.2009
300,58,0.053871,0.22834,0.039946,0.19842
300,59,0.046109,0.21334,0.040546,0.20002
300,60,0.042189,0.20395,0.044967,0.21054
350,1,0.9971,0.99801,0.98517,0.99228
350,2,0.91967,0.95866,0.87328,0.9344
350,3,0.78757,0.88727,0.72655,0.85237
350,4,0.71187,0.84365,0.67303,0.82037
350,5,0.62481,0.78961,0.49975,0.70678
350,6,0.36771,0.60222,0.35956,0.59915
350,7,0.21313,0.46065,0.19293,0.43722
350,8,0.17538,0.41718,0.14568,0.38023
350,9,0.15337,0.39055,0.12931,0.35846
350,10,0.15211,0.38842,0.13929,0.37118
350,11,0.14373,0.37716,0.11842,0.34255
350,12,0.12188,0.34805,0.10835,0.3281
350,13,0.11588,0.33798,0.096031,0.30872
350,14,0.11084,0.33062,0.10236,0.31812
350,15,0.10507,0.32304,0.10034,0.31569
350,16,0.11406,0.33535,0.1107,0.33079
350,17,0.10373,0.32018,0.08797,0.29544
350,18,0.10496,0.32231,0.086075,0.29244
350,19,0.09956,0.31378,0.097656,0.31065
350,20,0.090417,0.29952,0.087041,0.29344
350,21,0.091914,0.30118,0.097937,0.31233
350,22,0.10364,0.31947,0.10809,0.32714
350,23,0.092143,0.30121,0.068167,0.26006
350,24,0.07934,0.2802,0.084803,0.28992
350,25,0.074124,0.27142,0.081814,0.28469
350,26,0.074425,0.27098,0.077596,0.27701
350,27,0.07293,0.2675,0.061894,0.24774
350,28,0.071046,0.26467,0.086409,0.29169
350,29,0.082389,0.28167,0.059004,0.24181
350,30,0.063627,0.25082,0.066917,0.25763
350,31,0.064022,0.25106,0.064301,0.25294
350,32,0.064459,0.25297,0.064835,0.25252
350,33,0.072924,0.26827,0.085394,0.2897
350,34,0.069002,0.25897,0.048158,0.21847
350,35,0.055062,0.23359,0.0484,0.21879
350,36,0.053067,0.22932,0.050645,0.22451
350,37,0.05367,0.23069,0.062857,0.24907
350,38,0.064457,0.25163,0.051483,0.22613
350,39,0.065833,0.25273,0.047134,0.21635
350,40,0.064531,0.25027,0.045572,0.2119
350,41,0.055687,0.23251,0.043867,0.20861
350,42,0.050653,0.22334,0.042034,0.20439
350,43,0.049175,0.22079,0.038663,0.19583
350,44,0.045418,0.21194,0.059967,0.24447
350,45,0.055865,0.23352,0.048599,0.21942
350,46,0.058248,0.23848,0.046125,0.21307
350,47,0.061144,0.2434,0.095286,0.30547
350,48,0.052447,0.22639,0.049603,0.22232
350,49,0.049574,0.22099,0.039574,0.19827
350,50,0.045035,0.21034,0.037302,0.19175
350,51,0.05585,0.2332,0.098007,0.31026
350,52,0.050543,0.22398,0.039192,0.19727
350,53,0.046241,0.21403,0.082421,0.28666
350,54,0.059456,0.2373,0.060142,0.24484
350,55,0.050548,0.22285,0.037275,0.19173
350,56,0.046735,0.21259,0.03388,0.18336
350,57,0.041295,0.19949,0.033183,0.18089
350,58,0.041038,0.20104,0.036676,0.18991
350,59,0.040174,0.19952,0.033244,0.18165
350,60,0.040485,0.19997,0.033542,0.1825
400,1,0.99877,0.99911,0.987,0.99327
400,2,0.89987,0.94801,0.90928,0.95343
400,3,0.76946,0.87676,0.75089,0.86648
400,4,0.70934,0.84216,0.69966,0.83639
400,5,0.67857,0.82361,0.638,0.79869
400,6,0.49166,0.69796,0.39942,0.63115
400,7,0.29292,0.53724,0.22273,0.47086
400,8,0.19986,0.44542,0.19468,0.44037
400,9,0.16067,0.39948,0.15016,0.38681
400,10,0.14355,0.37627,0.12126,0.34718
400,11,0.1291,0.35834,0.11317,0.33515
400,12,0.12485,0.35236,0.14489,0.37899
400,13,0.12529,0.35207,0.10103,0.31702
400,14,0.10879,0.32862,0.13572,0.36667
400,15,0.11116,0.33182,0.09663,0.31007
400,16,0.10636,0.32513,0.10006,0.31503
400,17,0.10446,0.32078,0.085049,0.29058
400,18,0.10504,0.32031,0.083782,0.28863
400,19,0.10304,0.31905,0.081364,0.28426
400,20,0.090853,0.30018,0.092474,0.30286
400,21,0.091092,0.30007,0.073574,0.27038
400,22,0.083396,0.28818,0.095868,0.30903
400,23,0.082715,0.28587,0.074359,0.27194
400,24,0.090703,0.29837,0.093743,0.3053
400,25,0.11583,0.33534,0.10805,0.32813
400,26,0.1013,0.31416,0.07681,0.2757
400,27,0.075144,0.27344,0.062845,0.24985
400,28,0.073874,0.27071,0.061894,0.24802
400,29,0.073432,0.26966,0.079588,0.28131
400,30,0.075472,0.27369,0.098603,0.31354
400,31,0.077074,0.27647,0.065372,0.25449
400,32,0.067905,0.25926,0.055568,0.23508
400,33,0.063362,0.24979,0.052871,0.22915
400,34,0.059721,0.24297,0.079147,0.28083
400,35,0.058954,0.24174,0.061009,0.24644
400,36,0.070894,0.26363,0.064401,0.25322
400,37,0.057371,0.23828,0.053901,0.23149
400,38,0.059977,0.24333,0.050335,0.22335
400,39,0.058827,0.24043,0.057836,0.23942
400,40,0.063129,0.24833,0.099934,0.31567
400,41,0.067141,0.2565,0.05393,0.23151
400,42,0.059971,0.24229,0.046121,0.21361
400,43,0.065244,0.25175,0.057274,0.23812
400,44,0.051372,0.22474,0.040818,0.20128
400,45,0.058073,0.23819,0.047028,0.21604
400,46,0.048285,0.21799,0.043824,0.20884
400,47,0.054114,0.23159,0.048651,0.21986
400,48,0.052465,0.22625,0.048392,0.21951
400,49,0.051754,0.22649,0.056796,0.23737
400,50,0.048537,0.2187,0.044465,0.21043
400,51,0.053397,0.22876,0.071412,0.26581
400,52,0.052885,0.22785,0.043208,0.2069
400,53,0.058309,0.23764,0.070227,0.26443
400,54,0.0479,0.21738,0.039357,0.19763
400,55,0.04659,0.21365,0.040473,0.20024
400,56,0.042663,0.20518,0.037392,0.19292
400,57,0.04635,0.21269,0.048591,0.22
400,58,0.052743,0.22721,0.093532,0.30473
400,59,0.062146,0.24452,0.040639,0.20081
400,60,0.053769,0.22734,0.047259,0.21658
500,1,0.98728,0.99335,0.99004,0.9946
500,2,0.84498,0.91867,0.75358,0.86808
500,3,0.72661,0.85232,0.70144,0.83749
500,4,0.69396,0.83297,0.67236,0.81994
500,5,0.59485,0.76958,0.47182,0.68616
500,6,0.31611,0.55864,0.24737,0.4957
500,7,0.19389,0.43782,0.16079,0.3992
500,8,0.14573,0.38044,0.16846,0.40794
500,9,0.13651,0.36752,0.13207,0.36153
500,10,0.12202,0.34676,0.16767,0.40718
500,11,0.10963,0.32935,0.10694,0.3254
500,12,0.10128,0.31698,0.11347,0.33546
500,13,0.10594,0.32375,0.1521,0.38818
500,14,0.10992,0.32922,0.09863,0.31261
500,15,0.096248,0.30883,0.11493,0.33751
500,16,0.086758,0.29344,0.088905,0.29693
500,17,0.08157,0.28406,0.10993,0.33001
500,18,0.07875,0.27879,0.071694,0.26608
500,19,0.0807,0.28178,0.080169,0.2822
500,20,0.080044,0.28154,0.081035,0.28382
500,21,0.069768,0.26176,0.12828,0.35699
500,22,0.091399,0.29744,0.07618,0.27436
500,23,0.068188,0.25781,0.059859,0.24327
500,24,0.067323,0.25668,0.083974,0.28864
500,25,0.07441,0.26871,0.063126,0.24966
500,26,0.063125,0.25034,0.063313,0.24986
500,27,0.054729,0.2332,0.06621,0.25487
500,28,0.054216,0.23094,0.091263,0.30078
500,29,0.070768,0.26391,0.073659,0.2699
500,30,0.075506,0.26974,0.059817,0.24326
500,31,0.057032,0.23754,0.051661,0.22603
500,32,0.071373,0.26425,0.10385,0.32086
500,33,0.056131,0.23569,0.057312,0.23801
500,34,0.055272,0.23313,0.054229,0.23154
500,35,0.052102,0.22675,0.055999,0.2356
500,36,0.056261,0.23564,0.049212,0.22051
500,37,0.066728,0.25475,0.10866,0.32717
500,38,0.048348,0.21794,0.059748,0.24282
500,39,0.048912,0.21893,0.050589,0.2229
500,40,0.048111,0.21664,0.045228,0.2113
500,41,0.049771,0.22074,0.041054,0.20123
500,42,0.054052,0.22775,0.064182,0.25111
500,43,0.050587,0.22228,0.070514,0.26456
500,44,0.056683,0.23603,0.04511,0.21122
500,45,0.043866,0.20662,0.057276,0.23652
500,46,0.040697,0.19982,0.034753,0.18529
500,47,0.053062,0.22499,0.060791,0.24383
500,48,0.05236,0.22632,0.037573,0.19217
500,49,0.040834,0.20036,0.040707,0.20089
500,50,0.039614,0.19716,0.032763,0.17991
500,51,0.045677,0.20916,0.038984,0.19588
500,52,0.03625,0.18892,0.03255,0.17909
500,53,0.035355,0.18636,0.055274,0.23247
500,54,0.041134,0.20014,0.075024,0.2719
500,55,0.047748,0.21531,0.065499,0.25355
500,56,0.046867,0.21209,0.032139,0.17813
500,57,0.062525,0.24183,0.044725,0.20947
500,58,0.035229,0.18668,0.032203,0.17828
500,59,0.035045,0.18565,0.031363,0.17629
500,60,0.035194,0.18585,0.030831,0.17456
